data_inicio,data_fim,descricao,categoria,pagina
2025-12-01,2026-01-26,Solicitação de oferta de turma: Período para as coordenações de curso solicitarem oferta de turmas para 2026/1 às unidades responsáveis pelos componentes curriculares de suas matrizes curriculares.,Solicitação de oferta de turma,8
2025-12-01,2026-02-03,Oferta de turma: Período para as coordenações de curso ofertarem turmas para 2026/1.,Oferta de turma,8
2025-12-01,2026-02-03,Validação de oferta de turma: Período para as unidades acadêmicas validarem solicitações de turmas para 2026/1 com vinculação dos docentes.,Validação de oferta de turma,8
2026-01-01,2026-01-01,Feriado: Confraternização universal.,Feriado,8
2026-01-02,2026-02-05,Análise de acréscimo: A partir das 9h - Período para os coordenadores dos cursos responsáveis pela oferta analisarem as solicitações de acréscimo de componentes ofertados no período 2025/4.,Análise de acréscimo,8
2026-01-05,2026-01-05,Início das aulas 2026/1 do Internato e estágios da saúde.,,8
2026-01-05,2026-01-05,Período de aulas: Início do período de 2025/4.,Período de aulas,8
2026-01-05,2026-01-23,"Solicitação de cadastro de NL: Período para as unidades acadêmicas solicitarem à Prograd, via SEI, cadastro de novos componentes curriculares do Núcleo Livre para 2026/1.",Solicitação de cadastro de NL,8
2026-01-05,2026-01-26,Liberação de pré-e/ou correquisito: Período para os estudantes solicitarem a liberação de pré-requisito e/ou correquisito de componentes curriculares ofertados para 2026/1.,Liberação de pré-e/ou correquisito,8
2026-02-02,2026-02-02,Início das aulas 2026/1 da Educação básica.,,8
2026-02-02,2026-02-04,Rotinas de matrícula: Período de execução de rotinas preparatórias de matrícula de 2026/1.,Rotinas de matrícula,8
2026-02-04,2026-02-04,"Exclusão: Publicação do edital de estudantes em situação de exclusão da UFG a partir de 2026/1 (Incisos I, III e IV, art.115, RGCG).",Exclusão,8
2026-02-05,2026-02-12,"Solicitação de matrícula: Período para o estudante solicitar, via Portal do Discente, matrícula de 2026/1, conforme escalonamento divulgado pela UFG.",Solicitação de matrícula,8
2026-02-05,2026-02-12,"Solicitação de trancamento: Período para o estudante solicitar, via Portal do Discente, trancamento de matrícula de 2026/1, cf. escalonamento divulgado pela UFG (1° momento).",Solicitação de trancamento,8
2026-02-09,2026-02-27,Matrícula: Matrícula: Período de matrícula dos estudantes ingressantes em 2026/1.,Matrícula,9
2026-02-13,2026-02-19,Processamento da matrícula: Período de processamento das solicitações de matrícula de 2026/1.,Processamento da matrícula,9
2026-02-16,2026-02-17,Carnaval.,,9
2026-02-18,2026-02-18,Quarta-feira de cinzas – Ponto facultativo até 12h.,,9
2026-02-19,2026-02-19,"Resolução de integração: Data limite para estudantes da UFG solicitar matrícula em componentes curriculares na Graduação, Pós-graduação ou ensino médio (Cepae), para 2026/1, nos termos da resolução de integração entre os diferentes níveis de formação.",Resolução de integração,9
2026-02-20,2026-02-24,"Acréscimo: A partir das 9h - Período para o estudante solicitar, via Portal do Discente, acréscimo de componente curricular ofertado no período 2026/1 (1º Momento).",Acréscimo,9
2026-02-20,2026-03-20,"Cancelamento de componente: A partir das 9h - Período para o estudante cancelar, via Portal do Discente, matrícula em componente curricular ofertado em 2026/1.",Cancelamento de componente,9
2026-02-20,2026-04-22,"Solicitação de trancamento: Período para o estudante solicitar, via Portal do Discente, trancamento de matrícula de 2026/1, cf. escalonamento divulgado pela UFG (2° momento).",Solicitação de trancamento,9
2026-02-23,2026-02-23,Planejamento Institucional: Dia do Planejamento Institucional UFG para 2026/1.,Planejamento Institucional,9
2026-02-23,2026-02-28,"Planejamento das Unidades: Período para replanejamento pedagógico e administrativo das atividades de 2026/1, adequação e aprovação dos planos de ensino nos Conselhos Diretores das Unidades Acadêmicas e Colegiados Unidades Acadêmicas Especiais.",Planejamento das Unidades,9
2026-02-25,2026-02-26,Análise de acréscimo: A partir das 9h - Período para os coordenadores dos cursos responsáveis pela oferta analisarem as solicitações de acréscimo de componentes ofertados no período 2026/1 (1º Momento).,Análise de acréscimo,9
2026-02-26,2026-02-26,Liberação de pré e/ou co-requisito: Data limite para as coordenações de cursos devolverem os processos de liberação de pré e co-requisitos para o CGA.,Liberação de pré e/ou co-requisito,9
2026-02-26,2026-03-03,"Matrícula: PEC-G, PME e PMIPES.",Matrícula,9
2026-02-27,2026-03-02,"Solicitação de acréscimo: A partir das 9h - Período para o estudante solicitar, via Portal do Discente, acréscimo de componente curricular ofertado em 2026/1 (2º momento).",Solicitação de acréscimo,9
2026-02-28,2026-02-28,Período de aulas: Término do período de 2025/4.,Período de aulas,9
2026-03-02,2026-03-02,Período de aulas: Início das aulas de 2026/1 da Graduação e da Pós-Graduação.,Período de aulas,10
2026-03-02,2026-03-06,"Matrícula: Período de matrícula dos(as) estudantes ingressantes do PEC-G, PME e PMIPES para 2026/1.",Matrícula,10
2026-03-03,2026-03-04,Análise de acréscimo: A partir das 9h - Período para os coordenadores dos cursos responsáveis pela oferta analisarem as solicitações de acréscimo de componentes curriculares ofertados em 2026/1 (2º momento).,Análise de acréscimo,10
2026-03-04,2026-03-04,Consolidação de turma: Data limite para os professores consolidarem as turmas de 2025/4.,Consolidação de turma,10
2026-03-23,2026-03-27,"Prováveis formandos 2026/1: Período para a coordenação de curso divulgar, no âmbito das Unidades Acadêmicas / Unidades Acadêmicas Especiais, a lista dos prováveis formandos do 1º semestre/2026.",Prováveis formandos 2026/1,10
2026-03-30,2026-04-10,"Prováveis formandos 2026/1: Período para as coordenações de curso autuarem e encaminharem ao CGA, via Sistema Eletrônico de Informação (SEI), os processos de Graduação: Colação de Grau contendo Ofício com a relação de prováveis formandos do 1º semestre/2026, especificando o ano/semestre, o curso, grau acadêmico (bacharelado ou licenciatura) e habilitação (quando houver).",Prováveis formandos 2026/1,10
2026-04-03,2026-04-03,Feriado: Paixão de Cristo.,Feriado,10
2026-04-09,2026-04-09,Evento: International Day na UFG (Dia letivo).,Evento,10
2026-04-13,2026-05-08,"Prováveis formandos 2026/1: Período para o CGA devolver às coordenações de curso, via Sistema Eletrônico de Informação (SEI), os processos de Graduação: Colação de Grau dos prováveis formandos do 1º semestre/2026.",Prováveis formandos 2026/1,10
2026-04-15,2026-04-15,Espaço das Profissões Aparecida de Goiânia (Dia letivo).,,10
2026-04-21,2026-04-21,Feriado: Tiradentes,Feriado,10
2026-04-28,2026-04-28,"Exclusão: Publicação do edital de estudantes em situação de exclusão da UFG a partir de 2026/1 (Inciso II, art.115, RGCG).",Exclusão,10
2026-04-28,2026-04-28,"Publicação do Edital para Mudanças de Grau Acadêmico, Habilitação e Turno para ingresso em 2026/2.",,10
2026-04-29,2026-04-29,Espaço das Profissões de Cidade Ocidental (Dia letivo).,,10
2026-05-01,2026-05-01,Feriado: Dia mundial do trabalho,Feriado,11
2026-05-06,2026-05-06,"Mudanças de Grau, Habilitação e Turno - 2026/2: Publicação pela Unidade Acadêmica ou Unidade Acadêmica Especial do quantitativo de vagas disponíveis para Mudanças de Grau Acadêmico, Habilitação e Turno para 2026/2.","Mudanças de Grau, Habilitação e Turno - 2026/2",11
2026-05-08,2026-05-08,"Data limite para vinculação dos projetos de extensão aos componentes curriculares no SIGAA, referentes a 2026/1.",,11
2026-05-11,2026-05-11,Feriado: Aniversário de Aparecida de Goiânia.,Feriado,11
2026-05-11,2026-05-29,"Prováveis formandos 2026/1: Período para as coordenações de curso devolverem ao CGA, via Sistema Eletrônico de Informação (SEI), os processos de Graduação: Colação de Grau dos estudantes prováveis formandos do 1º semestre/2026.",Prováveis formandos 2026/1,11
2026-05-12,2026-05-16,"Mudanças de Grau, Habilitação e Turno - 2026/2: Período para o (a) estudante manifestar, por meio de link disponibilizado no endereço eletrônico www.cga.ufg.br, o interesse em pleitear as Mudanças de Grau Acadêmico Habilitação e/ou Turno para o 2026/2.","Mudanças de Grau, Habilitação e Turno - 2026/2",11
2026-05-13,2026-05-13,Publicação do Edital para Disciplinas e/ou Módulos Isolados para ingresso em 2026/2.,,11
2026-05-13,2026-05-14,Evento: Espaço das Profissões - Goiânia (Dias letivos).,Evento,11
2026-05-20,2026-05-20,Disciplinas/módulos isolados - 2026/2: Publicação do Aviso de Edital de vagas disponíveis em disciplinas/módulos isolados para 2026/2.,Disciplinas/módulos isolados - 2026/2,11
2026-05-20,2026-05-20,Espaço das Profissões - Goiás (Dia letivo).,,11
2026-05-24,2026-05-24,Feriado: Padroeira de Goiânia.,Feriado,11
2026-05-26,2026-06-02,Disciplinas/módulos isolados - 2026/2: Publicação de Anexo de Edital de oferta de vagas em disciplinas/módulos isolados pelas Unidades Acadêmicas e Coordenações de curso nos seus respectivos endereços eletrônicos para 2026/2.,Disciplinas/módulos isolados - 2026/2,11
2026-05-29,2026-05-29,Data limite para as coordenações concluírem os ajustes das turmas.,,11
2026-06-01,2026-06-06,Semana do meio ambiente na UFG (Dias letivos).,,11
2026-06-01,2026-06-12,"Solicitação de cadastro de NL: Período para as unidades acadêmicas solicitarem à Prograd, via SEI, cadastro de novos componentes curriculares do Núcleo Livre para o período 2026/3.",Solicitação de cadastro de NL,11
2026-06-04,2026-06-04,Feriado: Corpus Christi.,Feriado,11
2026-06-05,2026-06-05,Data limite para o discente solicitar cancelamento nos termos do artigo 66 do RGCG.,,11
2026-06-08,2026-06-19,Oferta de turma: Período para as coordenações de curso e/ou as unidades acadêmicas ofertarem turmas para o período 2026/3.,Oferta de turma,12
2026-06-08,2026-07-03,Solicitação de oferta de turma: Período para as coordenações de curso solicitarem oferta de turmas para 2026/2 às unidades responsáveis pelos componentes curriculares de suas matrizes curriculares.,Solicitação de oferta de turma,12
2026-06-08,2026-07-10,Oferta de turma: Período para as coordenações de curso ofertarem turmas para 2026/2.,Oferta de turma,12
2026-06-08,2026-07-10,"Validação de oferta de turma: Período para as unidades acadêmicas validarem solicitações de turmas para 2026/2, com vinculação dos docentes.",Validação de oferta de turma,12
2026-06-10,2026-06-29,"Solicitação de cadastro de NL: Período para as unidades acadêmicas solicitarem à Prograd, via SEI, cadastro de novos componentes curriculares do Núcleo Livre para 2026/2.",Solicitação de cadastro de NL,12
2026-06-12,2026-06-12,"Mudanças de Grau, Habilitação e Turno - 2026/2: Data limite para as coordenações de curso divulgarem o resultado das solicitações de Mudanças de Grau Acadêmico, Habilitação e Turno para 2026/2.","Mudanças de Grau, Habilitação e Turno - 2026/2",12
2026-06-13,2026-06-13,Padroeiro de Cidade Ocidental.,,12
2026-06-18,2026-06-18,"Mudanças de Grau, Habilitação e Turno - 2026/2: Data limite para as coordenações de curso encaminharem, via SEI, ao CGA ou à sua Seccional os formulários dos estudantes contemplados com as Mudanças de Grau Acadêmico, Habilitação e Turno para 2026/2.","Mudanças de Grau, Habilitação e Turno - 2026/2",12
2026-06-22,2026-06-24,"Solicitação de matrícula: A partir das 9h - Período para o estudante solicitar, via Portal do Discente, matrícula em turmas ofertadas no período 2026/3.",Solicitação de matrícula,12
2026-06-25,2026-06-26,Processamento: Processamento das solicitações de matrícula de 2026/3.,Processamento,12
2026-06-29,2026-06-30,"Acréscimo: A partir das 9h - Período para o estudante solicitar, via Portal do Discente, acréscimo de componente curricular ofertado no período 2026/3.",Acréscimo,12
2026-06-29,2026-07-03,"Cancelamento: A partir das 9h - Período para o estudante cancelar, via Portal do Discente, componente curricular ofertado no período 2026/3.",Cancelamento,12
2026-07-02,2026-07-03,Análise de acréscimo: A partir das 9h - Período para os coordenadores dos cursos responsáveis pela oferta analisarem as solicitações de acréscimo de componentes ofertados no período 2026/3.,Análise de acréscimo,13
2026-07-03,2026-07-03,Liberação de Pré-e/ou Co-requisito: Data limite para os estudantes solicitarem a liberação de pré-requisito e/ou co- requisito de componentes curriculares ofertados para 2026/2.,Liberação de Pré-e/ou Co-requisito,13
2026-07-04,2026-07-04,Período de aulas: Término das aulas de 2026/1 da Educação Básica e da Graduação.,Período de aulas,13
2026-07-06,2026-07-06,Período de aulas: Início do período de 2026/3.,Período de aulas,13
2026-07-10,2026-07-10,Consolidação de turma: Data limite para os professores consolidarem as turmas de 2026/1.,Consolidação de turma,13
2026-07-10,2026-07-10,Validação de atividades: Data limite para registro e validação de atividades complementares dos formandos do 1º semestre/2026. Consolidação de turma.,Validação de atividades,13
2026-07-10,2026-07-14,Rotinas de matrícula: Período de execução de rotinas preparatórias de matrícula de 2026/2.,Rotinas de matrícula,13
2026-07-14,2026-07-14,"Exclusão: Publicação do edital de estudantes em situação de exclusão da UFG a partir de 2026/2 (Incisos I, III e IV, art.115, RGCG).",Exclusão,13
2026-07-15,2026-07-22,"Solicitação de matrícula: Período para o estudante solicitar, via Portal do Discente, matrícula de 2026/2, conforme escalonamento divulgado pela UFG.",Solicitação de matrícula,13
2026-07-15,2026-07-22,"Solicitação de trancamento: Período para o estudante solicitar, via Portal do Discente, trancamento de matrícula de 2026/2, conforme escalonamento divulgado pela UFG (1° momento).",Solicitação de trancamento,13
2026-07-18,2026-07-18,"Resolução de integração: Data limite para o estudante da UFG solicitar matrícula em componentes curriculares na Graduação, Pós-graduação ou ensino médio (Cepae), para 2026/2, nos termos da resolução de integração entre os diferentes níveis de formação.",Resolução de integração,13
2026-07-23,2026-07-24,Processamento da matrícula: Período de processamento das solicitações de matrícula de 2026/2.,Processamento da matrícula,13
2026-07-24,2026-08-03,Matrícula: Período de matrícula dos estudantes ingressantes em 2026/2.,Matrícula,13
2026-07-25,2026-07-25,Feriado: Aniversário da Cidade de Goiás.,Feriado,13
2026-07-27,2026-07-29,"Solicitação de acréscimo: A partir das 12h - Período para o estudante solicitar, via Portal do Discente, acréscimo de componente curricular ofertado em 2026/2 (1º momento).",Solicitação de acréscimo,13
2026-07-27,2026-08-27,"Cancelamento de componente: A partir das 9h - Período para o estudante cancelar, via Portal do Discente, matrícula em componente curricular ofertado em 2026/2.",Cancelamento de componente,14
2026-07-27,2026-09-24,"Solicitação de trancamento: Período para o estudante solicitar, via Portal do Discente, trancamento de matrícula de 2026/2 (2° momento).",Solicitação de trancamento,14
2026-07-30,2026-07-31,Análise de solicitação de acréscimo: A partir das 9h - Período para os coordenadores dos cursos responsáveis pela oferta analisarem as solicitações de acréscimo de componentes curriculares ofertados em 2026/2 (1º momento).,Análise de solicitação de acréscimo,14
2026-07-31,2026-07-31,Liberação de pré e/ou co-requisito: Data limite para as coordenações de cursos devolverem os processos de liberação de pré e co-requisitos para o CGA.,Liberação de pré e/ou co-requisito,14
2026-08-03,2026-08-03,Início das aulas 2026/2 da educação básica.,,14
2026-08-03,2026-08-03,Planejamento Institucional: Dia do Planejamento Institucional UFG para 2026/2.,Planejamento Institucional,14
2026-08-03,2026-08-04,"Solicitação de acréscimo: A partir das 9h - Período para o estudante solicitar, via Portal do Discente, acréscimo de componente curricular ofertado em 2026/2 (2º momento).",Solicitação de acréscimo,14
2026-08-03,2026-08-07,"Matrícula: Período de matrícula dos(as) estudantes ingressantes do PEC-G, PME e PMIPES para 2026/2.",Matrícula,14
2026-08-03,2026-08-08,"Planejamento das Unidades: Período para replanejamento pedagógico e administrativo das atividades de 2026/2, adequação e aprovação dos planos de ensino nos Conselhos Diretores das Unidades Acadêmicas e Colegiados Unidades Acadêmicas Especiais.",Planejamento das Unidades,14
2026-08-05,2026-08-06,Análise de solicitação de acréscimo: A partir das 9h - Período para os coordenadores dos cursos responsáveis pela oferta analisarem as solicitações de acréscimo de componentes curriculares ofertados em 2026/2 (2º momento).,Análise de solicitação de acréscimo,14
2026-08-06,2026-08-11,"Matrícula: PEC-G, PME e PMIPES.",Matrícula,14
2026-08-08,2026-08-08,Período de aulas: Término das aulas 2026/3.,Período de aulas,14
2026-08-10,2026-08-10,Período de aulas: Início das aulas de 2026/2 da Graduação e da Pós-Graduação.,Período de aulas,14
2026-08-14,2026-08-14,Consolidação de turma: Data limite para os professores consolidarem as turmas do período 2026/3.,Consolidação de turma,14
2026-08-24,2026-08-28,"Prováveis formandos 2026/2: Período para a coordenação de curso divulgar, no âmbito das Unidades Acadêmicas /Unidades Acadêmicas Especiais, a lista dos prováveis formandos do 2º semestre/2026.",Prováveis formandos 2026/2,15
2026-08-31,2026-09-11,"Prováveis formandos 2026/2: Período para as coordenações de curso autuarem e encaminharem ao CGA, via Sistema Eletrônico de Informação (SEI), os processos de Graduação: Colação de Grau contendo memorandos de prováveis formandos do 2º semestre/2026, especificando o ano/semestre, o curso, grau acadêmico (bacharelado ou licenciatura) e habilitação (quando houver).",Prováveis formandos 2026/2,15
2026-09-07,2026-09-07,Feriado: Independência do Brasil.,Feriado,15
2026-09-11,2026-09-11,Publicação do Edital para Portador de diploma para ingresso em 2027.,,15
2026-09-14,2026-10-09,"Prováveis formandos 2026/2: Período para o CGA devolver às coordenações de curso, via Sistema Eletrônico de Informação (SEI), os processos de Graduação: Colação de Grau dos prováveis formandos do 2º semestre/2026.",Prováveis formandos 2026/2,15
2026-09-18,2026-09-18,Edital: Publicação do Edital de Vagas Remanescentes.,Edital,15
2026-09-30,2026-09-30,Espaço das Profissões Itinerante – Goiás (Dia letivo).,,15
2026-09-30,2026-09-30,"Exclusão: Publicação do edital de estudantes em situação de exclusão da UFG a partir de 2026/2 (Inciso II, art.115, RGCG).",Exclusão,15
2026-10-07,2026-10-07,"Publicação do Edital para Mudanças de Grau Acadêmico, Habilitação e Turno para ingresso em 2027/1.",,15
2026-10-09,2026-10-09,"Data limite para vinculação dos projetos de extensão aos componentes curriculares no SIGAA, referentes a 2026/2.",,15
2026-10-12,2026-10-12,Feriado: Padroeira do Brasil.,Feriado,15
2026-10-13,2026-10-13,"Mudanças de Grau, Habilitação e Turno - 2027/1: Publicação pela Unidade Acadêmica ou Unidade Acadêmica Especial do quantitativo de vagas disponíveis para Mudanças de Grau Acadêmico, Habilitação e Turno para 2027/1.","Mudanças de Grau, Habilitação e Turno - 2027/1",15
2026-10-13,2026-10-16,XIII CONEPEC – Campus Goiás (Dias letivos).,,16
2026-10-13,2026-10-30,"Prováveis formandos 2026/2: Período para as coordenações de curso devolverem ao CGA, via Sistema Eletrônico de Informação (SEI), os processos de Graduação: Colação de Grau dos estudantes prováveis formandos do 2º semestre/2026.",Prováveis formandos 2026/2,15
2026-10-14,2026-10-16,Encontro de Licenciaturas e Educação Básica (ELEB) (Dias letivos).,,16
2026-10-19,2026-10-23,"Mudanças de Grau, Habilitação e Turno - 2027/1: Período para o (a) estudante manifestar, por meio de link disponibilizado no endereço eletrônico www.cga.ufg.br, o interesse em pleitear as Mudanças de Grau Acadêmico Habilitação e/ou Turno para o 2027/1.","Mudanças de Grau, Habilitação e Turno - 2027/1",16
2026-10-21,2026-10-21,Espaço das Profissões Itinerante UFG – (Dia letivo).,,16
2026-10-24,2026-10-24,Feriado: Aniversário de Goiânia.,Feriado,16
2026-10-27,2026-10-27,Publicação do Edital para Disciplinas e/ou Módulos Isolados para ingresso em 2027/1.,,16
2026-10-28,2026-10-28,Ponto facultativo: Dia do Servidor Público.,Ponto facultativo,16
2026-11-02,2026-11-02,Feriado: Finados.,Feriado,16
2026-11-04,2026-11-04,Disciplinas/módulos isolados - 2027/1: Publicação do Aviso de Edital de vagas disponíveis em disciplinas/módulos isolados para 2027/1.,Disciplinas/módulos isolados - 2027/1,16
2026-11-06,2026-11-06,Data limite para as coordenações concluírem os ajustes das turmas 2026/2.,,16
2026-11-09,2026-11-13,"Evento: 23º Congresso de Pesquisa, Ensino e Extensão - CONPEEX. (Dias letivos)",Evento,16
2026-11-11,2026-11-17,Disciplinas/módulos isolados - 2027/1: Publicação de Anexo de Edital de oferta de vagas em disciplinas/módulos isolados pelas Unidades Acadêmicas e Coordenações de curso nos seus respectivos endereços eletrônicos para 2027/1.,Disciplinas/módulos isolados - 2027/1,16
2026-11-13,2026-11-13,Data limite para o discente solicitar cancelamento nos termos do artigo 66 do RGCG.,,16
2026-11-14,2026-11-14,Feriado: Emancipação de Aparecida de Goiânia.,Feriado,16
2026-11-15,2026-11-15,Feriado: Proclamação da República.,Feriado,16
2026-11-20,2026-11-20,Feriado: Dia da Consciência Negra.,Feriado,16
2026-11-21,2026-11-21,"Mudanças de Grau, Habilitação e Turno - 2027/1: Data limite para as coordenações de curso divulgarem o resultado das solicitações de Mudanças de Grau Acadêmico, Habilitação e Turno para 2027/1.","Mudanças de Grau, Habilitação e Turno - 2027/1",16
2026-11-23,2026-12-11,Oferta de turma: Período para as coordenações de curso ofertarem turmas para 2026/4.,Oferta de turma,16
2026-11-27,2026-11-27,Dia nacional da EaD (Dia letivo).,,16
2026-11-28,2026-11-28,"Mudanças de Grau, Habilitação e Turno - 2027/1: Data limite para as coordenações de curso encaminharem, via SEI, ao CGA ou à sua Seccional os formulários dos estudantes contemplados com as Mudanças de Grau Acadêmico, Habilitação e Turno para 2027/1.","Mudanças de Grau, Habilitação e Turno - 2027/1",17
2026-11-30,2026-12-01,8º Colóquio de Avaliação do Sistema de Pós-Graduação da UFG (Dias letivos).,,17
2026-11-30,2026-12-04,"Solicitação de cadastro de NL: Período para as unidades acadêmicas solicitarem à Prograd, via SEI, cadastro de novos componentes curriculares do Núcleo Livre para o período 2026/4.",Solicitação de cadastro de NL,17
2026-12-07,2026-12-09,"Solicitação de matrícula: A partir das 9h - Período para o estudante solicitar, via Portal do Discente, matrícula em turmas ofertadas no período 2026/4.",Solicitação de matrícula,17
2026-12-08,2026-12-08,Feriado: Nossa Sra. da Conceição - Padroeira da Cidade de Goiás.,Feriado,17
2026-12-10,2026-12-11,Processamento: Processamento das solicitações de matrícula de 2026/4.,Processamento,17
2026-12-12,2026-12-12,"Período de aulas: Término das aulas de 2026/2 da Educação Básica, da Graduação e da Pós-graduação.",Período de aulas,17
2026-12-14,2026-12-14,Evento: Aniversário da UFG.,Evento,17
2026-12-14,2026-12-16,"Acréscimo: A partir das 9h - Período para o estudante solicitar, via Portal do Discente, acréscimo de componente curricular ofertado no período 2026/4.",Acréscimo,17
2026-12-14,2026-12-18,"Cancelamento: A partir das 9h - Período para o estudante cancelar, via Portal do Discente, componente curricular ofertado no período 2026/4.",Cancelamento,17
2026-12-15,2026-12-15,Aniversário de Cidade Ocidental,,17
2026-12-18,2026-12-18,Consolidação de turma: Data limite para os professores consolidarem as turmas de 2026/2.,Consolidação de turma,17
2026-12-18,2026-12-18,Validação de atividades: Data limite para registro e validação de atividades complementares dos formandos do 2º semestre/2026.,Validação de atividades,17
2026-12-21,2027-01-11,Solicitação de oferta de turma: Período para as coordenações de curso solicitarem oferta de turmas para 2027/1 às unidades responsáveis pelos componentes curriculares de suas matrizes curriculares.,Solicitação de oferta de turma,17
2026-12-21,2027-01-15,Oferta de turma: Período para as coordenações de curso ofertarem turmas para 2027/1.,Oferta de turma,17
2026-12-21,2027-01-15,Validação de oferta de turma: Período para as unidades acadêmicas validarem solicitações de turmas para 2027/1 com vinculação dos docentes.,Validação de oferta de turma,18
2026-12-24,2026-12-24,Ponto facultativo: Véspera do natal – a partir das 13h.,Ponto facultativo,18
2026-12-25,2026-12-25,Feriado: Natal.,Feriado,18
2026-12-31,2026-12-31,Ponto facultativo: Véspera do ano novo – a partir das 13h.,Ponto facultativo,18
2027-01-01,2027-01-01,Feriado: Confraternização universal.,Feriado,18
2027-01-04,2027-01-04,Início das aulas 2027/1 do internato e estágios da saúde.,,18
2027-01-04,2027-01-04,Período de aulas: Início do período de 2026/4 (Verão),Período de aulas,18
2027-01-04,2027-01-15,"Solicitação de cadastro de NL: Período para as unidades acadêmicas solicitarem à Prograd, via SEI, cadastro de novos componentes curriculares do Núcleo Livre para 2027/1.",Solicitação de cadastro de NL,18
2027-01-12,2027-01-12,Liberação de Pré-e/ou Co-requisito: Data limite para os estudantes solicitarem a liberação de pré-requisito e/ou co- requisito de componentes curriculares ofertados para 2027/1.,Liberação de Pré-e/ou Co-requisito,18
2027-01-18,2027-01-20,Rotinas de matrícula: Período de execução de rotinas preparatórias de matrícula de 2027/1.,Rotinas de matrícula,18
2027-01-20,2027-01-20,"Exclusão: Publicação do edital de estudantes em situação de exclusão da UFG a partir de 2027/1 (Incisos I, III e IV, art.115, RGCG).",Exclusão,18
2027-01-21,2027-01-28,"Solicitação de matrícula: Período para o estudante solicitar, via Portal do Discente, matrícula de 2027/1, conforme escalonamento divulgado pela UFG.",Solicitação de matrícula,18
2027-01-21,2027-01-28,"Solicitação de trancamento: Período para o estudante solicitar, via Portal do Discente, trancamento de matrícula de 2027/1, conforme escalonamento divulgado pela UFG (1° momento).",Solicitação de trancamento,18
2027-02-01,2027-02-01,Início das aulas do primeiro semestre de 2027 para a Educação Básica.,,19
2027-02-01,2027-02-11,Processamento: Processamento das solicitações de matrícula de 2027/1.,Processamento,19
2027-02-05,2027-02-26,Matrícula: Período de matrícula dos estudantes ingressantes em 2027/1.,Matrícula,19
2027-02-08,2027-02-08,Ponto facultativo: Carnaval.,Ponto facultativo,19
2027-02-09,2027-02-09,Ponto facultativo: Carnaval.,Ponto facultativo,19
2027-02-10,2027-02-10,Ponto facultativo até às 14h: Quarta-feira de cinzas.,Ponto facultativo até às 14h,19
2027-02-12,2027-04-16,"Solicitação de trancamento: Período para o estudante solicitar, via Portal do Discente, trancamento de matrícula de 2027/1, conforme escalonamento divulgado pela UFG (2° momento).",Solicitação de trancamento,19
2027-02-15,2027-02-17,"Acréscimo: A partir das 9h - Período para o estudante solicitar, via Portal do Discente, acréscimo de componente curricular ofertado no período 2027/1 (1º Momento).",Acréscimo,19
2027-02-15,2027-02-26,"Cancelamento de componente: A partir das 9h - Período para o estudante cancelar, via Portal do Discente, matrícula em componente curricular ofertado em 2027/1.",Cancelamento de componente,19
2027-02-18,2027-02-22,Análise de acréscimo: A partir das 9h - Período para os coordenadores dos cursos responsáveis pela oferta analisarem as solicitações de acréscimo de componentes ofertados no período 2027/1 (1º Momento).,Análise de acréscimo,19
2027-02-19,2027-02-19,Liberação de pré e/ou co-requisito: Data limite para as coordenações de cursos devolverem os processos de liberação de pré e co-requisitos para o CGA.,Liberação de pré e/ou co-requisito,19
2027-02-22,2027-02-26,"Matrícula: Período de matrícula dos(as) estudantes ingressantes do PEC-G, PME e PMIPES para 2027/1.",Matrícula,19
2027-02-23,2027-02-24,"Acréscimo: A partir das 9h - Período para o estudante solicitar, via Portal do Discente, acréscimo de componente curricular ofertado no período 2027/1 (2º Momento).",Acréscimo,19
2027-02-25,2027-02-26,Análise de acréscimo: A partir das 9h - Período para os coordenadores dos cursos responsáveis pela oferta analisarem as solicitações de acréscimo de componentes ofertados no período 2027/1 (2º Momento).,Análise de acréscimo,19
2027-02-25,2027-03-02,"Matrícula: PEC-G, PME e PMIPES.",Matrícula,19
2027-02-27,2027-02-27,Período de aulas: Término do período de 2026/4.,Período de aulas,19
2027-03-01,2027-03-01,Período de aulas: Início das aulas de 2027/1 para a Graduação e Pós-Graduação.,Período de aulas,20
2027-03-05,2027-03-05,Consolidação de turma: Data limite para os professores consolidarem as turmas de 2026/4.,Consolidação de turma,20
