id,tipo,pergunta,referencia,resposta,cobertura,citados,correta,fiel,sem_suporte,justificativa,usou_regulamento,usou_calendario,recuperou_trecho,citou_trecho,eventos_esperados,eventos_recuperados,eventos_citados,chamadas_llm,erros_ferramenta,ms_llm,ms_ferramentas,tokens_entrada,tokens_saida
c01,calendario,Quando começa o segundo semestre de 2026?,10 de agosto de 2026.,"O segundo semestre de 2026 começa em 10/08/2026, conforme o Calendário Acadêmico 2026.",total,"['E7 Calendário 2026, 10/08/2026, p. 14']",sim,True,[],A resposta repete exatamente a data indicada na referência e está sustentada pelo trecho do calendário.,False,True,,,1,1,1,2,0,1016.0982000088552,14.000000010128133,2170,139
c02,calendario,Qual o último dia de aula do primeiro semestre de 2026?,4 de julho de 2026.,"O último dia de aula do primeiro semestre de 2026 é 04/07/2026. (Calendário 2026, p. 13)",total,"['E5 Calendário 2026, 04/07/2026, p. 13']",sim,True,[],A resposta coincide exatamente com a referência e está suportada pelo trecho do calendário.,False,True,,,1,1,1,2,0,870.2883999940241,45.27639999287203,2168,161
c03,calendario,Qual o período para trancar a matrícula em 2026/2?,De 15 a 22 de julho (1º momento) e de 27 de julho a 24 de setembro de 2026 (2º momento).,"O trancamento de matrícula do semestre 2026/2 pode ser solicitado no Portal do Discente no 1° momento, de 15 de julho a 22 de julho, e no 2° momento, de 27 de julho a 24 de setembro. Art. 72 do RGCG prevê que o trancamento ocorre em período definido no calendário acadêmico.",total,"['T1 RGCG, Art. 72, p. 23-24', 'E5 Calendário 2026, 15/07/2026 a 22/07/2026, p. 13', 'E8 Calendário 2026, 27/07/2026 a 24/09/2026, p. 14']",sim,True,[],A resposta reproduz exatamente os períodos citados na referência e todas as afirmações são sustentadas pelos trechos do regulamento e do calendário.,True,True,,,2,2,2,3,0,1300.097300001653,54.97500000637956,4243,254
c04,calendario,Até quando posso cancelar uma disciplina em 2026/2?,De 27 de julho a 27 de agosto de 2026.,"Você pode cancelar uma disciplina ofertada em 2026/2 até o dia 27/08/2026, conforme o período de cancelamento indicado no Calendário Acadêmico 2026. (Art. 66, RGCG)",total,"['T1 RGCG, Art. 66 (parte 1 de 2), p. 21', 'E4 Calendário 2026, 27/07/2026 a 27/08/2026, p. 14']",parcial,False,['A afirmação de que o Art. 66 do RGCG indica o período de 27/07 a 27/08/2026 para cancelamento'],"O assistente menciona apenas a data final, omitindo a data inicial, e atribui ao Art. 66 um detalhe que não consta no texto citado.",True,True,,,1,1,1,3,0,1618.7982000119518,18.59849999891594,5261,256
c05,calendario,Quando vai ser o CONPEEX em 2026?,De 9 a 13 de novembro de 2026.,O CONPEEX 2026 ocorrerá de 09 a 13 de novembro de 2026 (Dias letivos).,total,"['E7 Calendário 2026, 09/11/2026 a 13/11/2026, p. 16']",sim,True,[],A resposta repete exatamente as datas indicadas no calendário citado.,False,True,,,1,1,1,2,0,880.9230000042589,8.511500011081807,2198,129
c06,calendario,Quais feriados tem em novembro de 2026?,"2 (Finados), 14 (Emancipação de Aparecida de Goiânia, municipal), 15 (Proclamação da República) e 20 de novembro (Consciência Negra).","Em novembro de 2026, os feriados são: 02/11 – Finados (E1); 14/11 – Emancipação de Aparecida de Goiânia (E4); 15/11 – Proclamação da República (E5); 20/11 – Dia da Consciência Negra (E6).",total,"['E1 Calendário 2026, 02/11/2026, p. 16', 'E4 Calendário 2026, 14/11/2026, p. 16', 'E5 Calendário 2026, 15/11/2026, p. 16', 'E6 Calendário 2026, 20/11/2026, p. 16']",sim,True,[],A resposta reproduz exatamente os feriados listados na referência e cada item está suportado pelos trechos citados.,False,True,,,4,4,4,2,0,826.4082999958191,67.31050000234973,2227,206
c07,calendario,Quando começam as aulas de 2027/1?,1º de março de 2027.,"As aulas do primeiro semestre de 2027 para a Graduação começam em 01/03/2027. (Calendário Acadêmico 2026, p. 20)",total,"['E8 Calendário 2026, 01/03/2027, p. 20']",sim,True,[],A resposta coincide com a referência e está sustentada pelo trecho citado.,False,True,,,1,1,1,2,0,1663.0407999909949,7.159499989938922,2209,189
c08,calendario,Qual o prazo para pedir matrícula para 2027/1?,"De 21 a 28 de janeiro de 2027, pelo Portal do Discente.","O prazo para solicitar matrícula de 2027/1 é de 21/01/2027 a 28/01/2027 (Portal do Discente). O período de matrícula propriamente dita é de 05/02/2027 a 26/02/2027. (E2, E5)",total,"['E2 Calendário 2026, 21/01/2027 a 28/01/2027, p. 18', 'E5 Calendário 2026, 05/02/2027 a 26/02/2027, p. 19']",sim,True,[],Fornece o prazo solicitado corretamente e todas as informações estão respaldadas pelos trechos citados.,False,True,,,1,1,1,2,0,926.3130000035744,14.005499993800186,2337,172
m01,misto,"Em caso excepcional, até que dia posso cancelar uma disciplina em 2026/2 e o que conta como caso excepcional?","Até 13 de novembro de 2026. Contam doença, mudança de horário de emprego, estágio obrigatório ou bolsa com horário incompatível, mudança de horário da turma, erro da UFG ou outro motivo justificado (Art. 66).","Você pode cancelar uma disciplina do semestre 2026/2 até 27/08/2026, conforme o período de cancelamento do calendário (E6). Caso excepcional inclui, entre outros, doença do estudante ou de familiar, mudança de horário de emprego incompatível, ingresso em estágio curricular obrigatório incompatível, bolsa institucional incompatível, alteração de horário do componente, erro ou omissão da UFG, ou outro motivo justificado (Art. 66, § 2º).",total,"['T1 RGCG, Art. 66 (parte 1 de 2), p. 21', 'T4 RGCG, Art. 66 (parte 2 de 2), p. 21-22', 'E6 Calendário 2026, 27/07/2026 a 27/08/2026, p. 14']",nao,False,"['Até 27/08/2026 como prazo final para cancelamento', 'Afirmar que o prazo está conforme o calendário (E6) apesar de o calendário indicar período de 27/07 a 27/08', 'A menção de “até 30 dias antes do término das aulas” que não consta nos trechos citados']",A resposta do assistente indica data diferente da referência e inclui informações não sustentadas pelos trechos fornecidos.,True,True,True,True,1,0,0,3,0,1802.905999997165,16.424200002802536,5451,318
m02,misto,Quantas vezes posso trancar o curso e qual o prazo de trancamento em 2027/1?,Até 4 semestres no curso (Art. 73). Em 2027/1: de 21 a 28 de janeiro e de 12 de fevereiro a 16 de abril de 2027.,"Você pode trancar o curso até 4 semestres letivos, consecutivos ou alternados (Art. 73). Para o semestre 2027/1, o prazo de trancamento é 21/01/2027 a 28/01/2027 (1º momento) e 12/02/2027 a 16/04/2027 (2º momento).",total,"['T3 RGCG, Art. 73, p. 24', 'E3 Calendário 2026, 21/01/2027 a 28/01/2027, p. 18', 'E6 Calendário 2026, 12/02/2027 a 16/04/2027, p. 19']",sim,True,[],A resposta reproduz exatamente a informação da referência e está totalmente sustentada pelos trechos citados.,True,True,True,True,2,2,2,3,0,2177.7734000061173,13.793099991744384,4188,276
s01,sem_resposta,Qual o valor da bolsa de iniciação científica na UFG?,O regulamento (RGCG) e o calendário acadêmico não tratam disso.,O regulamento geral e o calendário acadêmico da UFG não tratam do valor da bolsa de iniciação científica.,nenhuma,[],sim,True,[],"A resposta confirma que o regulamento e o calendário não tratam do valor da bolsa, conforme a referência.",True,False,,,0,0,0,2,0,891.8138000008184,8.452200010651723,889,38
s02,sem_resposta,Qual o horário de funcionamento do restaurante universitário?,O regulamento (RGCG) e o calendário acadêmico não tratam disso.,O regulamento geral dos cursos de graduação e o calendário acadêmico da UFG não tratam do horário de funcionamento do restaurante universitário.,nenhuma,[],sim,True,[],"A resposta do assistente repete a informação da referência de que o regulamento e o calendário não tratam do assunto, sem acrescentar dados não suportados.",True,True,,,0,0,0,3,0,1958.800100008375,42.15979999571573,5499,187
s03,sem_resposta,Qual foi a nota de corte do SISU para Ciência da Computação?,O regulamento (RGCG) e o calendário acadêmico não tratam disso.,O regulamento geral dos cursos de graduação e o calendário acadêmico da UFG não tratam da nota de corte do SISU para Ciência da Computação.,nenhuma,[],sim,True,[],A resposta repete a informação da referência de que o regulamento e o calendário não tratam do assunto.,True,False,,,0,0,0,2,0,693.7816999998176,6.861000016215257,891,52
s04,sem_resposta,Como faço para tirar a carteirinha de estudante?,O regulamento (RGCG) e o calendário acadêmico não tratam disso.,O regulamento geral dos cursos de graduação e o calendário acadêmico da UFG não tratam do procedimento para tirar a carteirinha de estudante.,nenhuma,[],sim,True,[],"A resposta confirma que o regulamento e o calendário não tratam do assunto, conforme a referência.",True,True,,,0,0,0,3,0,1632.153600003221,15.865699999267235,4551,164
s05,sem_resposta,Quantas vagas de moradia estudantil a UFG oferece?,O regulamento (RGCG) e o calendário acadêmico não tratam disso.,O Regulamento Geral dos Cursos de Graduação e o Calendário Acadêmico da UFG não tratam do número de vagas de moradia estudantil.,nenhuma,[],sim,True,[],A resposta repete a informação da referência de que o regulamento e o calendário não tratam do assunto.,True,False,,,0,0,0,2,0,861.7912999907276,7.703400013269857,2547,150
s06,sem_resposta,Qual o prazo para entregar o TCC no curso de Ciência da Computação?,O regulamento (RGCG) e o calendário acadêmico não tratam disso.,O Regulamento Geral dos Cursos de Graduação e o Calendário Acadêmico 2026 da UFG não tratam especificamente do prazo para entregar o TCC no curso de Ciência da Computação.,nenhuma,[],sim,True,[],A resposta repete a informação da referência de que os documentos não tratam do prazo e não faz afirmações não sustentadas.,True,True,,,0,0,0,3,0,1640.1220000116155,97.96630001801532,5384,184
s07,sem_resposta,Quantas horas de atividades complementares o curso de Computação exige?,O regulamento (RGCG) e o calendário acadêmico não tratam disso.,"O RGCG não estabelece um número fixo de horas de atividades complementares para o curso de Computação; a carga horária mínima será definida conforme resoluções do CNE ou normativas da UFG, e o conselho diretor do curso aprovará os critérios de validação.",parcial,"['T1 RGCG, Art. 14, p. 6']",sim,True,[],"A resposta indica que o RGCG não fixa número de horas e cita artigos que confirmam essa ausência e a definição por resoluções, concordando com a referência.",True,False,,,0,0,0,2,0,1091.7548999859719,7.552800001576543,2900,144
s08,sem_resposta,Posso levar meu cachorro para a sala de aula?,O regulamento (RGCG) e o calendário acadêmico não tratam disso.,"O regulamento não prevê a presença de animais de estimação em sala de aula. Não há regra que permita ou proíba explicitamente levar um cachorro para a aula. Se houver necessidade, seria necessário solicitar autorização ao professor e à coordenação, mas não há previsão no RGCG.",parcial,"['T1 RGCG, Art. 113, p. 34', 'T2 RGCG, Art. 35, p. 13', 'T3 RGCG, Art. 29, p. 11', 'T4 RGCG, Art. 21, p. 8-9', 'T5 RGCG, Art. 46, p. 16']",sim,False,"['O regulamento não prevê a presença de animais de estimação em sala de aula', 'Não há regra que permita ou proíba explicitamente levar um cachorro para a aula']","A resposta afirma que o regulamento não prevê a presença de animais, mas os trechos citados não tratam do assunto, portanto a afirmação não está sustentada pelas fontes.",True,False,,,0,0,0,2,0,792.4279999861028,7.935300003737211,2545,169
r01,regulamento,Qual a nota mínima para passar numa disciplina?,"Nota final igual ou superior a 6,0 e frequência de pelo menos 75% da carga horária (Art. 82, § 3º).","Para ser aprovado em uma disciplina, a nota final deve ser igual ou superior a 6,0, conforme Art. 82, § 3º do RGCG.",total,"['T2 RGCG, Art. 82 (parte 1 de 2), p. 25-26']",parcial,True,[],"O assistente menciona corretamente a nota mínima de 6,0, mas omite o requisito de frequência de 75% exigido pelo regulamento.",True,False,True,True,0,0,0,2,0,937.9059999919264,7.861099991714582,2765,113
r02,regulamento,Quantas faltas eu posso ter numa matéria do curso presencial?,"A frequência mínima é 75% da carga horária, então as faltas podem chegar a 25% (Art. 87).","Para cursos presenciais, a frequência mínima exigida é 75% da carga horária. Assim, você pode faltar até 25% das aulas. Art. 87.",total,"['T2 RGCG, Art. 87, p. 27']",sim,True,[],A resposta reproduz exatamente a informação da referência e está totalmente sustentada pelo trecho citado.,True,False,True,True,0,0,0,2,0,817.0486000017263,8.544800002709962,2867,121
r03,regulamento,Quantas vezes posso trancar a matrícula durante o curso?,"No máximo 4 semestres letivos, consecutivos ou alternados (Art. 73).","Você pode trancar a matrícula por até 4 semestres letivos, consecutivos ou alternados (Art. 73).",total,"['T4 RGCG, Art. 73, p. 24']",sim,True,[],A resposta reproduz exatamente a informação da referência e está sustentada pelo artigo 73 citado.,True,False,True,True,0,0,0,2,0,815.4587999888463,8.919799991417676,2291,112
r04,regulamento,Posso trancar a matrícula logo no meu primeiro semestre?,"Não, salvo doença, mudança de horário ou município por emprego, ou serviço militar obrigatório (Art. 75).","Não, o RGCG veda o trancamento no semestre de ingresso, salvo em casos específicos (doença, mudança de horário ou município, serviço militar).",total,"['T2 RGCG, Art. 75, p. 24']",sim,True,[],A resposta reproduz exatamente a informação da referência e está totalmente sustentada pelo artigo citado.,True,False,True,True,0,0,0,2,0,1097.3696000000928,7.085399993229657,2303,119
r05,regulamento,O semestre trancado conta no prazo para terminar o curso?,"Não. O semestre trancado não conta no prazo de integralização (Art. 72, § 2º).","Não, o semestre trancado não conta no prazo para terminar o curso. Conforme Art. 72, § 2º do RGCG, o semestre de trancamento não é computado no prazo de integralização.",parcial,"['T1 RGCG, Art. 72, p. 23-24']",sim,True,[],A resposta reproduz exatamente a informação da referência e está totalmente sustentada pelo trecho citado.,True,False,True,True,0,0,0,2,0,1014.2373999988195,44.34659999969881,2268,155
r06,regulamento,Posso fazer estágio não obrigatório no semestre em que tranquei a matrícula?,Não. No semestre trancado o estudante fica impedido de fazer estágio não obrigatório (Art. 79).,"Não, o RGCG Art. 79 impede que o estudante realize estágio curricular não obrigatório no semestre correspondente ao trancamento de matrícula.",total,"['T1 RGCG, Art. 79, p. 25']",sim,True,[],A resposta reproduz exatamente a informação da referência e está suportada pelo trecho citado.,True,False,True,True,0,0,0,2,0,696.9613999972353,8.141499987686984,2315,130
r07,regulamento,Perdi uma prova. Qual o prazo para pedir segunda chamada?,Até 7 dias após a data da avaliação (Arts. 83 e 84).,"O prazo para solicitar a segunda chamada é até 7 (sete) dias após a data de realização da avaliação. (Art. 83 e Art. 84, RGCG)",total,"['T1 RGCG, Art. 83, p. 26', 'T2 RGCG, Art. 84, p. 26']",sim,True,[],A resposta reproduz exatamente a informação da referência e está totalmente sustentada pelos trechos citados.,True,False,True,True,0,0,0,2,0,1190.256000001682,6.626199989113957,2468,123
r08,regulamento,Quanto tempo tenho para pedir revisão da nota de uma prova?,Até 7 dias a partir da entrega do trabalho ou da prova (Art. 85).,"Você pode solicitar a revisão da nota de uma prova em até 7 (sete) dias a partir da data de entrega da prova, conforme Art. 85. Se a revisão for feita na unidade acadêmica, o prazo também é de 7 (sete) dias, conforme Art. 86.",total,"['T1 RGCG, Art. 85, p. 27', 'T2 RGCG, Art. 86, p. 27']",sim,True,[],A resposta inclui o prazo correto de 7 dias e cita artigos que confirmam tanto o prazo quanto a possibilidade de solicitação à unidade acadêmica.,True,False,True,True,0,0,0,2,0,1011.362499993993,8.012399994186126,2345,148
r09,regulamento,Até quando posso contestar as faltas lançadas pelo professor?,Até 5 dias após a data limite de consolidação da turma prevista no calendário (Art. 89).,O regulamento geral dos cursos de graduação e o calendário acadêmico não tratam especificamente do prazo para contestar faltas lançadas pelo professor.,nenhuma,[],nao,False,['O regulamento geral dos cursos de graduação e o calendário acadêmico não tratam especificamente do prazo para contestar faltas lançadas pelo professor.'],"A referência indica prazo de 5 dias após a consolidação, contradizendo a afirmação do assistente.",True,True,False,False,0,0,0,3,0,1273.8682000053814,101.6436999925645,4780,179
r10,regulamento,Quantas horas de núcleo livre preciso cursar?,"No mínimo 128 horas nos cursos presenciais (Art. 12, § 4º).","A carga horária total do Núcleo Livre (NL) deve ser de, no mínimo, 128 (cento e vinte e oito) horas, conforme Art. 12, § 4 do RGCG. Esse requisito se aplica a cursos presenciais, e componentes de NL podem ser criados ou liberados conforme Art. 12, § 1º e § 2º.",total,"['T4 RGCG, Art. 91, p. 28', 'T1 RGCG, Art. 12, p. 5']",sim,True,[],A resposta reproduz corretamente a exigência de 128 horas e todas as informações adicionais são sustentadas pelos trechos citados.,True,False,True,True,0,0,0,2,0,936.2011999910465,7.412800012389198,2788,165
r11,regulamento,Qual o prazo máximo para concluir a graduação?,"O prazo regular do curso mais 50%, com um semestre a mais se o resultado for ímpar (Art. 122, §§ 3º e 4º).","O prazo máximo para concluir a graduação é definido no PPC e corresponde ao prazo regular de integralização acrescido de 50 % (cinquenta por cento). Se esse cálculo resultar em número ímpar, acrescenta-se mais um semestre. (Art. 122)",total,"['T1 RGCG, Art. 122, p. 38']",sim,True,[],A resposta reproduz exatamente o conteúdo dos §§ 3º e 4º do Art. 122.,True,False,True,True,0,0,0,2,0,1420.8442000090145,31.206900006509386,2644,149
r12,regulamento,Em que situações o aluno é jubilado da UFG?,"Reprovação por falta em tudo no semestre de ingresso, não regularizar o vínculo, esgotar o prazo de integralização ou reprovar por média e falta em tudo em dois semestres seguidos (Art. 115).",O regulamento geral dos cursos de graduação e o calendário acadêmico não tratam de situações em que o aluno é jubilado da UFG.,nenhuma,[],nao,False,['O regulamento geral dos cursos de graduação e o calendário acadêmico não tratam de situações em que o aluno é jubilado da UFG.'],"A resposta do assistente contradiz a referência ao afirmar que o regulamento não trata do tema, quando a referência indica artigos específicos.",True,False,False,False,0,0,0,2,0,797.1385999990162,7.0887000183574855,2656,135
r13,regulamento,Posso fazer dois cursos de graduação na UFG ao mesmo tempo?,Não. O vínculo simultâneo em dois cursos de graduação da UFG não é permitido (Art. 37).,Não é permitido fazer dois cursos de graduação simultaneamente na UFG. Art. 37 do RGCG estabelece que o estudante deve ficar vinculado apenas a uma matriz curricular.,total,"['T1 RGCG, Art. 37, p. 14']",sim,True,[],A resposta reproduz corretamente a informação do Art. 37 e está totalmente sustentada pelo trecho citado.,True,False,True,True,0,0,0,2,0,812.2092999983579,7.959100010339171,2612,118
r14,regulamento,Quantas horas por dia posso fazer de estágio obrigatório?,Até 6 horas diárias e 30 semanais; até 8 por dia e 40 por semana quando o estágio não tem disciplinas no mesmo período (Art. 18).,"Você pode fazer até 6 horas diárias de estágio obrigatório, conforme Art. 18 §1º do RGCG. Se o curso não tiver componentes curriculares no mesmo período, o limite pode chegar a 8 horas/dia, com até 40 horas semanais, conforme Art. 18 §2º.",total,"['T1 RGCG, Art. 18 (parte 1 de 2), p. 7']",sim,True,[],"A resposta reproduz exatamente o limite de 6h/dia e 30h/semana, e 8h/dia e 40h/semana conforme o Art. 18, §§ 1º e 2º citados.",True,False,True,True,0,0,0,2,0,898.7893000012264,7.017800002358854,2891,148
r15,regulamento,O estágio não obrigatório que fiz pode valer como estágio obrigatório?,Não (Art. 30).,"O RGCG Art. 30, §1º, estabelece que o estágio curricular não obrigatório não pode ser aproveitado como estágio curricular obrigatório.",parcial,"['T2 RGCG, Art. 30, p. 12']",sim,True,[],A resposta repete exatamente o que consta no Art. 30 do RGCG.,True,False,True,True,0,0,0,2,0,1137.5310000003083,7.740199987892993,2689,111
r16,regulamento,No estágio não obrigatório a empresa tem que pagar bolsa?,"Sim. Bolsa ou outra contraprestação, mais auxílio transporte e seguro, pagos pela instituição do estágio (Art. 22, § 3º).","Sim. De acordo com o Art. 3º, § 3º do RGCG, nos estágios curriculares não obrigatórios é compulsório que o estagiário receba pagamento de bolsa estágio ou outra contraprestação, além de auxílio transporte e seguro, pagos pela instituição onde realiza o estágio.",total,"['T1 RGCG, Art. 22, p. 9']",sim,False,"['cita o Art.\u202f3º, §\u202f3º em vez do Art.\u202f22, §\u202f3º']","A resposta contém a informação correta, mas a referência ao artigo está errada, não sustentada pelos trechos citados.",True,False,True,True,0,0,0,2,0,847.4987000081455,7.226999994600192,2655,146
r17,regulamento,Qual a frequência exigida no estágio obrigatório?,"100%, com reposição para faltas justificadas (Art. 87, § 1º).","A frequência exigida no estágio obrigatório é de 100% (cem por cento) da carga horária, conforme Art. 87, § 1º do RGCG.",total,"['T1 RGCG, Art. 87, p. 27']",sim,True,[],"A resposta indica corretamente 100% de frequência, conforme o artigo citado.",True,False,True,True,0,0,0,2,0,907.3924999975134,6.786099998862483,2758,116
r18,regulamento,Quanto do estágio não obrigatório posso usar como atividade complementar?,"No máximo 50% da carga horária de atividades complementares (Art. 14, § 4º).","O estágio curricular não obrigatório pode ser validado como atividade complementar, mas no máximo 50 % da carga horária prevista para atividades complementares, conforme Art. 14, § 4º do RGCG. Ele não pode ser aproveitado como estágio curricular obrigatório, Art. 30.",total,"['T3 RGCG, Art. 14, p. 6', 'T4 RGCG, Art. 30, p. 12']",sim,True,[],A resposta traz exatamente o limite de 50% e está respaldada pelos trechos citados.,True,False,True,True,0,0,0,2,0,948.691500001587,56.08440001378767,2964,143
r19,regulamento,Como é calculado o índice de prioridade da matrícula?,"IP = 100*TA + 10*TI - 3*QR: taxa de aprovação, taxa de integralização e reprovações por falta (Art. 54).","O Índice de Prioridade (IP) é calculado a partir dos valores de TI (tempo de inscrição), TA (tempo de atividade) e outros critérios de desempate, conforme Art. 53, Art. 55 e Art. 54 do RGCG. O cálculo usa precisão de 2 casas decimais e não envolve arredondamentos. Para detalhes completos, consulte o RGCG.",parcial,"['T1 RGCG, Art. 53, p. 18', 'T2 RGCG, Art. 55, p. 18-19', 'T3 RGCG, Art. 54 (parte 2 de 2), p. 18']",parcial,False,"['O Índice de Prioridade (IP) é calculado a partir dos valores de TI (tempo de inscrição), TA (tempo de atividade) e outros critérios de desempate, conforme Art.\u202f53, Art.\u202f55 e Art.\u202f54 do RGCG.']","A resposta omite a fórmula correta (IP = 100*TA + 10*TI - 3*QR) e inclui informações não presentes na referência, embora alguns trechos citados estejam corretos.",True,False,False,False,0,0,0,2,0,2335.3078000072856,59.62260000524111,887,42
r20,regulamento,Em que casos posso pedir quebra de pré-requisito?,"Se houver vaga e o estudante tiver reprovado com nota 5,0 ou mais no pré-requisito, ou tiver integralizado 85% do currículo (Art. 64).","Você pode solicitar a quebra de pré-requisito se tiver sido reprovado com nota final igual ou maior a 5,0 no(s) pré-requisito(s) e/ou co-requisito(s) ou se tiver integralizado, no mínimo, 85% do currículo. (Art. 64, RGCG)",total,"['T1 RGCG, Art. 64, p. 20-21']",sim,True,[],A resposta reproduz exatamente as condições do Art. 64 sem contradições ou informações não suportadas.,True,False,True,True,0,0,0,2,0,667.6952999987407,6.292899997788481,2437,147
r21,regulamento,Perdi o prazo do calendário. Ainda consigo cancelar uma disciplina?,"Sim, até 30 dias antes do fim das aulas, em caso excepcional comprovado (Art. 66).","Não, o prazo de cancelamento já passou. O RGCG Art. 66 permite cancelamento até 30 dias antes do término das aulas, mas o calendário 2026 indica que o período de cancelamento para componentes ofertados em 2026/2 terminou em 27/08/2026 (E7).",parcial,"['T1 RGCG, Art. 66 (parte 1 de 2), p. 21', 'E7 Calendário 2026, 27/07/2026 a 27/08/2026, p. 14']",nao,False,"['Não, o prazo de cancelamento já passou.']","A resposta contradiz a referência, que afirma ser possível cancelar até 30 dias antes do fim das aulas em caso excepcional.",True,True,True,True,0,0,0,3,0,1694.0244999859715,17.85840002412442,4963,245
r22,regulamento,Já domino o conteúdo de uma disciplina. Posso ser dispensado dela?,"Sim, por avaliação de banca, exceto estágio obrigatório, TCC e núcleo livre (Art. 101).","Sim, o estudante pode solicitar dispensa de disciplina que integra a matriz curricular, desde que comprove domínio extraordinário do conteúdo e seja aprovado em avaliação específica aplicada por banca examinadora (Art. 101). A dispensa será registrada no histórico acadêmico com a nota da banca e a carga horária do componente (Art. 106).",total,"['T1 RGCG, Art. 101, p. 30', 'T5 RGCG, Art. 106, p. 31']",sim,True,[],A resposta inclui a informação essencial da referência e todas as afirmações são sustentadas pelos trechos citados.,True,False,True,True,0,0,0,2,0,1003.4301999985473,10.247900005197152,2667,149
r23,regulamento,Que nota preciso tirar na banca de extraordinário domínio?,"8,0 ou mais (Art. 104, § 3º).","Para ser aprovado na banca de extraordinário domínio, você deve obter nota igual ou superior a 8,0 (oito).",total,"['T3 RGCG, Art. 104, p. 31']",sim,True,[],A resposta repete exatamente a informação essencial da referência e está sustentada pelo §3º do Art. 104.,True,False,True,True,0,0,0,2,0,805.1690999855055,6.972999981371686,2463,108
r24,regulamento,Reprovei por falta mas tirei nota 8. Tenho algum direito?,"Com média global 8,0 ou mais e nota final 8,0 ou mais, ganha registro de aprovado, exceto estágio e TCC (Art. 107).","Segundo o Art. 85 do RGCG, o estudante pode solicitar revisão de nota no prazo de 7 dias a partir da entrega do trabalho ou da prova, mas não há previsão de direito a aprovação automática por nota alta quando a reprovação se deu por falta.",parcial,"['T2 RGCG, Art. 85, p. 27']",nao,False,['não há previsão de direito a aprovação automática por nota alta quando a reprovação se deu por falta.'],"A resposta omite e contradiz a regra do Art. 107 que garante aprovação com média 8,0, não sendo sustentada pelo trecho citado.",True,False,False,False,0,0,0,2,0,983.9442999946186,8.356799997272901,2168,167
r25,regulamento,Posso aproveitar matérias que cursei em outra faculdade antes de entrar na UFG?,"Sim, com equivalência de conteúdo e pelo menos 75% da carga horária (Arts. 91 e 94).","Sim, você pode solicitar o aproveitamento de componentes curriculares cursados antes de ingressar na UFG. O Art. 91, §1º, e o Art. 41 permitem que esses cursos sejam aproveitados como Núcleo Livre, desde que estejam cadastrados no banco de componentes da UFG. Para solicitar, encaminhe o pedido ao coordenador do seu curso, seguindo os procedimentos estabelecidos no regulamento.",total,"['T1 RGCG, Art. 91, p. 28', 'T2 RGCG, Art. 41, p. 14']",parcial,True,[],O assistente omite o requisito de 75% da carga horária exigido pela referência.,True,False,True,True,0,0,0,2,0,889.3490000045858,11.04979999945499,2521,177
r26,regulamento,Quantas disciplinas o coordenador pode me autorizar a cursar em outra instituição?,No máximo duas (Art. 93).,"O coordenador pode autorizar até dois componentes curriculares em outra instituição, conforme Art. 93 do RGCG.",total,"['T1 RGCG, Art. 93, p. 28']",sim,True,[],A resposta traz exatamente a informação da referência e está respaldada pelo trecho citado.,True,False,True,True,0,0,0,2,0,921.2397999945097,9.079399998881854,2733,109
r27,regulamento,Estou grávida. Tenho direito a algum regime especial de estudos?,"Sim, tratamento excepcional, que pode ser pedido a partir do oitavo mês de gestação (Art. 117).","Sim, a UFG garante tratamento excepcional para estudantes gestantes. O pedido deve ser protocolado até 20 dias após o relatório médico e pode ser feito a partir do oitavo mês de gestação, acompanhando atestado médico com idade gestacional ou certidão de nascimento. O coordenador do curso analisará o pedido, com apoio do Núcleo de Acessibilidade, e a concessão depende da viabilidade do processo didático-pedagógico.",total,"['T1 RGCG, Art. 117 (parte 1 de 2), p. 35', 'T2 RGCG, Art. 117 (parte 2 de 2), p. 35-36']",sim,True,[],A resposta inclui o direito ao tratamento excepcional a partir do oitavo mês e todos os detalhes fornecidos estão respaldados pelos trechos citados.,True,False,True,True,0,0,0,2,0,793.4979999990901,6.437099989852868,2529,173
r28,regulamento,Até quando devo protocolar o pedido de tratamento excepcional depois do atestado?,"Até 20 dias após a data do relatório médico (Art. 117, § 2º).","O pedido de tratamento excepcional, acompanhado de relatório médico, deve ser protocolado até 20 (vinte) dias após a data do relatório. (Art. 117, § 2º)",total,"['T2 RGCG, Art. 117 (parte 1 de 2), p. 35']",sim,True,[],A resposta reproduz exatamente a informação da referência e está sustentada pelo § 2º do art. 117.,True,False,True,True,0,0,0,2,0,1061.2645000073826,7.765600006678142,3153,148
r29,regulamento,Quanto tempo dura a hora-aula no curso noturno?,"A regional pode adotar 45 minutos de aula e 15 de atividades supervisionadas (Art. 16, § 1º).","A hora‑aula em cursos noturnos tem 45 (quarenta e cinco) minutos de aulas teóricas e práticas e 15 (quinze) minutos de atividades acadêmicas supervisionadas, conforme Art. 16, § 1º do RGCG.",total,"['T1 RGCG, Art. 16, p. 7']",sim,True,[],A resposta reproduz exatamente a informação da referência e está sustentada pelo trecho citado.,True,False,True,True,0,0,0,2,0,797.4561000009999,38.85600001376588,2983,141
r30,regulamento,O professor pode aplicar a próxima prova sem ter divulgado a nota da anterior?,"Não. A nota anterior precisa sair pelo menos 4 dias antes da nova avaliação (Art. 82, § 6º).","O docente só pode aplicar uma nova avaliação depois de disponibilizar ao estudante a nota da avaliação anterior com antecedência de pelo menos 4 (quatro) dias (Art. 82, § 6).",total,"['T3 RGCG, Art. 82 (parte 2 de 2), p. 26']",sim,False,"['A afirmação de que a nota deve ser divulgada com antecedência de pelo menos 4 dias não está presente nos trechos citados (§\u202f7, §\u202f8, §\u202f9, §\u202f10, §\u202f11).', 'A referência ao Art.\u202f82, §\u202f6, não consta nos trechos fornecidos.']","O conteúdo está correto, mas não há suporte nos trechos citados.",True,False,True,False,0,0,0,2,0,1280.943700010539,8.099899991066195,3298,152
r31,regulamento,Tenho livro atrasado na biblioteca. Consigo fazer matrícula?,Não. Pendência com o SiBi ou a PRAE impede matrícula e trancamento (Art. 60).,"Não, a matrícula não pode ser efetivada enquanto houver pendência com o Sistema de Bibliotecas (SiBi).",total,"['T1 RGCG, Art. 60, p. 20']",sim,True,[],"A resposta confirma que a matrícula é impedida por pendência no SiBi, conforme o Art. 60 citado.",True,False,True,True,0,0,0,2,0,914.1818999923998,6.919999999809079,2453,118
r32,regulamento,Até quando preciso estar com a documentação regular para colar grau?,Até o décimo dia antes da data da colação de grau oficial (Art. 124).,"Você deve estar regular com a documentação até o décimo dia anterior à data da outorga de grau oficial, conforme Art. 124 do RGCG.",total,"['T1 RGCG, Art. 124, p. 38-39']",sim,True,[],A resposta repete exatamente o que consta no Art. 124 sem acrescentar informações não suportadas.,True,False,True,True,0,0,0,2,0,1178.2458999950904,5.798199999844655,2925,116
