id,pergunta,referencia,resposta,citados,juiz_correta,juiz_fiel,hugo_correta,hugo_fiel
r07,Perdi uma prova. Qual o prazo para pedir segunda chamada?,Até 7 dias após a data da avaliação (Arts. 83 e 84).,O prazo para solicitar segunda chamada é de até 7 (sete) dias após a data de realização da avaliação.,rgcg-art083 rgcg-art084,sim,sim,sim,sim
r08,Quanto tempo tenho para pedir revisão da nota de uma prova?,Até 7 dias a partir da entrega do trabalho ou da prova (Art. 85).,"Você tem até 7 (sete) dias corridos, a partir da data de entrega da prova, para solicitar a revisão da nota ao professor ou à unidade acadêmica responsável (Art. 85 e Art. 86).",rgcg-art085 rgcg-art086,sim,sim,sim,sim
r15,O estágio não obrigatório que fiz pode valer como estágio obrigatório?,Não (Art. 30).,"Não, o estágio curricular não obrigatório que você realizou não pode ser aproveitado como estágio curricular obrigatório, conforme Art. 30 do RGCG.",rgcg-art030,sim,sim,sim,sim
r21,Perdi o prazo do calendário. Ainda consigo cancelar uma disciplina?,"Sim, até 30 dias antes do fim das aulas, em caso excepcional comprovado (Art. 66).","O regulamento permite cancelamento de componentes curriculares após as datas previstas no calendário acadêmico, desde que o estudante comprove um caso excepcional e o pedido seja feito até 30 dias antes do término das aulas. Se você não tem um motivo excepcional ou já ultrapassou os 30 dias antes do fim das aulas, o cancelamento não será aceito.",rgcg-art066-p1,sim,sim,sim,sim
r27,Estou grávida. Tenho direito a algum regime especial de estudos?,"Sim, tratamento excepcional, que pode ser pedido a partir do oitavo mês de gestação (Art. 117).","O RGCG prevê tratamento excepcional para gestantes, mas apenas para estudantes regulares vinculados à UFG (Art. 117, § 1º). O pedido deve ser protocolado até 20 dias após a data do relatório médico (Art. 117, § 2º).",rgcg-art117-p1,parcial,sim,sim,sim
r29,Quanto tempo dura a hora-aula no curso noturno?,"A regional pode adotar 45 minutos de aula e 15 de atividades supervisionadas (Art. 16, § 1º).","No curso noturno, a hora‑aula tem 45 (quarenta e cinco) minutos de aulas teóricas e práticas e 15 (quinze) minutos de atividades acadêmicas supervisionadas.",rgcg-art016,sim,sim,sim,sim
r32,Até quando preciso estar com a documentação regular para colar grau?,Até o décimo dia antes da data da colação de grau oficial (Art. 124).,"Para colar grau, o estudante deve estar regular com a situação documental até o décimo dia anterior à data da outorga de grau oficial (Art. 124).",rgcg-art124,sim,sim,sim,sim
s01,Qual o valor da bolsa de iniciação científica na UFG?,O regulamento (RGCG) não trata disso.,O regulamento não trata do valor da bolsa de iniciação científica na UFG.,,sim,sim,sim,sim
s06,Qual o prazo para entregar o TCC no curso de Ciência da Computação?,O regulamento (RGCG) não trata disso.,O regulamento não trata do prazo para entrega do TCC no curso de Ciência da Computação.,,sim,sim,sim,sim
s08,Posso levar meu cachorro para a sala de aula?,O regulamento (RGCG) não trata disso.,O regulamento não trata da possibilidade de levar animais de estimação para a sala de aula.,,sim,sim,sim,sim
